path,true_class,independent_class,constrained_class,correct,top1_conf,dvd_no,eso_no,eso_V,exo_A,exo_no,exo_V
sample_875523ad9d048ecd.png,exo_no,exo_no,exo_no,1,0.7685868740081787,1.2509276281491566e-08,3.785423974278501e-09,1.136035598925389e-09,0.0007541196537204087,0.7685868740081787,0.23065897822380066
sample_fbedbd81c9795779.png,eso_V,eso_no,eso_no,0,0.9997860789299011,6.9336774686235e-06,0.9997860789299011,1.4621368791267741e-05,4.42558177604635e-11,0.00019241077825427055,2.813910882082382e-09
sample_5d1377a647ca64a9.png,exo_V,exo_no,exo_no,0,0.958050549030304,0.0013872216222807765,1.453854565625079e-06,6.129595675474775e-08,0.0001683712616795674,0.958050549030304,0.040392372757196426
sample_564e6ec9b13b503d.png,exo_V,exo_no,exo_no,0,0.9619237780570984,0.001345370663329959,0.0006738575175404549,2.5188752260874026e-05,7.51630068407394e-05,0.9619237780570984,0.03595665469765663
sample_05dd872c02ef8e95.png,exo_no,exo_no,exo_no,1,0.99961918592453,0.00015248157433234155,1.97845679394959e-06,2.0802774780559474e-10,0.0001212132629007101,0.99961918592453,0.00010510642459848896
sample_ababe1cf2c7c2c1d.png,exo_no,exo_no,exo_no,1,0.9996515512466431,5.022813184041297e-06,6.225692459338461e-07,1.5249883300594291e-10,9.797314123716205e-05,0.9996515512466431,0.00024486545589752495
sample_fce4643e0b34ca80.png,exo_V,exo_no,exo_no,0,0.5726611614227295,4.057140188251651e-07,1.060279153364263e-08,7.91016407930556e-09,0.00010723702871473506,0.5726611614227295,0.42723122239112854
sample_e001688032540c94.png,dvd_no,exo_no,exo_no,0,0.9998987913131714,5.05282571339194e-07,9.418688939888398e-09,7.231357982036279e-13,2.401528945483733e-05,0.9998987913131714,7.676892710151151e-05
sample_afb9b071b5192112.png,eso_no,eso_no,eso_no,1,0.8929804563522339,3.0478286134894006e-06,0.8929804563522339,0.10701645910739899,3.241975785051032e-11,5.316267603916458e-08,6.371115190972887e-09
sample_ce92dbf723b0e57c.png,eso_no,eso_no,eso_no,1,0.9999892115592957,8.903497814571892e-07,0.9999892115592957,9.895324183162302e-06,3.37585726517195e-14,8.50984616107553e-09,8.420859360291563e-14
sample_0108b318237dde87.png,eso_no,eso_no,eso_no,1,0.9858062863349915,0.0007118139765225351,0.9858062863349915,0.013470352627336979,6.622425940960852e-10,1.1360260941728484e-05,1.5523001195560937e-07
sample_8688a3cd9134bf8e.png,eso_no,eso_no,eso_no,1,0.9999935626983643,2.665904048626544e-06,0.9999935626983643,3.755857733267476e-06,8.112917144185473e-15,1.762986756581597e-09,6.62156995087735e-15
sample_6e4b17b65b825ec1.png,exo_V,exo_no,exo_no,0,0.9999271035194397,2.2294743757811375e-06,2.0896866459452212e-08,8.405160248359245e-13,3.047785139642656e-05,0.9999271035194397,4.021917629870586e-05
sample_07f2f255423341bf.png,exo_no,dvd_no,dvd_no,0,0.982586145401001,0.982586145401001,0.0067908670753240585,7.112519142538076e-07,2.2729585325009793e-08,0.010621118359267712,1.1124192269562627e-06
sample_49343467f0d89b7c.png,exo_V,exo_no,exo_no,0,0.7290008068084717,1.960615009011235e-06,2.526955427128996e-07,9.378214826938347e-08,0.0004449949774425477,0.7290008068084717,0.2705519199371338
sample_1817b4fa66abbc40.png,exo_no,exo_no,exo_no,1,0.9998941421508789,6.037414641468786e-05,3.8284113657027774e-08,4.3173760600661096e-14,4.434354559634812e-05,0.9998941421508789,1.1276006262050942e-06
sample_928bb76218751183.png,dvd_no,exo_no,exo_no,0,0.9897886514663696,0.010097485035657883,4.3553787691053e-05,2.2318831227607916e-09,1.955469633685425e-05,0.9897886514663696,5.0721020670607686e-05
sample_82cb61d723b02fa3.png,eso_no,eso_no,eso_no,1,0.9999412298202515,1.0824997843883466e-05,0.9999412298202515,4.7949062718544155e-05,1.1399248515606142e-12,4.51118324917843e-08,2.1631971387769955e-12
sample_f9f550f80ff1fa45.png,exo_no,exo_no,exo_no,1,0.999650239944458,8.428062756138388e-06,4.5465990297088865e-06,1.5296889310789652e-09,4.5905315460004203e-07,0.999650239944458,0.00033632919075898826
sample_f1b1bf51bc9115ea.png,exo_no,exo_no,exo_no,1,0.6482768654823303,0.3514309227466583,0.0002430825843475759,1.2626186762787484e-09,4.576316132443026e-05,0.6482768654823303,3.3672772588033695e-06
sample_744d85a6d6b4b87c.png,exo_no,exo_no,exo_no,1,0.9983091950416565,8.448437256447505e-07,3.6902982003539364e-08,4.90578792866625e-11,0.0003628162376116961,0.9983091950416565,0.0013271266361698508
sample_2c4018756524301f.png,eso_no,eso_no,eso_no,1,0.9998040199279785,0.0001897782931337133,0.9998040199279785,6.191188276716275e-06,3.152683192633732e-13,2.651623809413195e-08,1.641991935214665e-13
sample_bc7e9a993af6b9a2.png,exo_no,exo_no,exo_no,1,0.9953241348266602,0.004506890662014484,0.00016528954438399523,1.8422872949397373e-10,2.509789283067221e-06,0.9953241348266602,1.1093702596554067e-06
sample_e093e5394b17f833.png,eso_V,exo_no,exo_no,0,0.5632205009460449,0.37063369154930115,0.0434945672750473,0.0016141569940373302,0.0001350289094261825,0.5632205009460449,0.020902065560221672
sample_2394cf0828a609e4.png,exo_no,exo_no,exo_no,1,0.9998719692230225,1.3210442375566345e-05,1.2529976629593875e-06,2.0442411652332737e-11,9.723214316181839e-05,0.9998719692230225,1.631271697988268e-05
sample_413bec946761a674.png,exo_no,exo_no,exo_no,1,0.9970054030418396,1.06242953279434e-06,9.502137743311323e-09,2.4348618607450412e-11,0.00043877901043742895,0.9970054030418396,0.0025547624099999666
sample_749c238a5862ab74.png,exo_no,exo_no,exo_no,1,0.9872106909751892,0.009136399254202843,0.0035258368588984013,4.111622047275887e-07,1.1555598575796466e-05,0.9872106909751892,0.00011512266064528376
sample_3bea0daab7f9bfc3.png,exo_no,exo_no,exo_no,1,0.9979985356330872,2.726340426306706e-06,2.5157813610121593e-08,3.8871742630286477e-11,0.0004567124415189028,0.9979985356330872,0.001542023615911603
sample_489b17d3b950fc2a.png,exo_no,exo_V,exo_V,0,0.8244875073432922,2.1397750060714316e-06,9.363464670286703e-09,4.4171731161668504e-08,0.0007365738274529576,0.17477376759052277,0.8244875073432922
sample_26db353b140ea915.png,exo_no,exo_no,exo_no,1,0.9995995163917542,3.124670229226467e-06,2.5795731772859654e-08,3.3558282021284302e-12,0.0002673470298759639,0.9995995163917542,0.0001300402800552547
sample_675b9ed737d26f87.png,eso_no,eso_no,eso_no,1,0.8373872637748718,0.04001566395163536,0.8373872637748718,0.12259666621685028,1.899044810294015e-10,3.5843046930494893e-07,5.2475577660970885e-08
sample_4c118caeed6cb363.png,dvd_no,eso_no,eso_no,0,0.9256435036659241,0.013307151384651661,0.9256435036659241,0.004396811593323946,2.8223241770319873e-06,0.056381955742836,0.0002678146120160818
sample_b00e23f3b3d88b6f.png,exo_V,exo_no,exo_no,0,0.9972660541534424,0.002646867884323001,5.5256812629522756e-05,3.5924100499906686e-11,3.11784133373294e-05,0.9972660541534424,6.48352454390988e-07
sample_2676563b429ddfdf.png,exo_no,exo_no,exo_no,1,0.9980231523513794,0.0004852312558796257,0.0005552349030040205,5.013882855564589e-07,3.460508014541119e-05,0.9980231523513794,0.0009012350346893072
sample_fa61848cd7d76f93.png,exo_no,exo_no,exo_no,1,0.9999178647994995,2.7160305762663484e-05,2.7691862669598777e-06,3.450469077126428e-11,3.975024083047174e-05,0.9999178647994995,1.2459204299375415e-05
sample_742e901f822b9ff6.png,exo_V,exo_no,exo_no,0,0.9995343685150146,1.0343723033656715e-06,3.2043362807598896e-07,1.166830937426866e-10,0.00010028474207501858,0.9995343685150146,0.000363971630576998
sample_6785bb2c56d479d3.png,exo_no,exo_no,exo_no,1,0.9823408126831055,0.0012657204642891884,0.010023950599133968,6.422802835004404e-05,1.1014978554158006e-05,0.9823408126831055,0.006294305436313152
sample_b78352fdd5c2fbf3.png,exo_no,exo_no,exo_no,1,0.9457264542579651,5.107208949084452e-07,3.368066492370758e-09,1.8779960919701466e-10,0.001540383673273027,0.9457264542579651,0.052732642740011215
sample_b647387090e5c2da.png,eso_no,eso_no,eso_no,1,0.9578841924667358,8.430509296886157e-06,0.9578841924667358,0.042107049375772476,5.5131346536618775e-12,3.604195057960169e-07,1.5843461653730628e-08
sample_4803fb77e6488fd7.png,dvd_no,exo_no,exo_no,0,0.804715633392334,0.02567877247929573,2.0573943402268924e-05,4.260989953763783e-06,0.002919313032180071,0.804715633392334,0.16666153073310852
sample_5d0a0983054ba706.png,exo_no,exo_V,exo_V,0,0.9802720546722412,6.340105773716687e-09,5.12359099591464e-10,3.724073849298293e-08,0.006241306196898222,0.013486610725522041,0.9802720546722412
sample_0d983788ce7269be.png,exo_no,exo_no,exo_no,1,0.9994467496871948,0.000525408482644707,2.5752995497896336e-05,1.7206918181966735e-11,1.458570977774798e-06,0.9994467496871948,6.677824444523139e-07
sample_4053baf2956d6027.png,exo_V,exo_V,exo_V,1,0.7067677974700928,1.4847036027276772e-06,7.932724656711798e-06,1.9310422430862673e-05,0.002863123081624508,0.2903403043746948,0.7067677974700928
sample_35467930f150c044.png,exo_no,dvd_no,dvd_no,0,0.9701734781265259,0.9701734781265259,0.007494681980460882,4.2754969342695404e-08,3.2152127005247166e-07,0.022331329062581062,1.273937044743434e-07
sample_5c901583997928e8.png,eso_no,eso_no,eso_no,1,0.9997532963752747,0.0002159040595870465,0.9997532963752747,2.873835364880506e-05,1.2592708993619528e-11,2.0736829355882946e-06,5.960893584289195e-11
sample_2ae4ef8c867da9f5.png,eso_V,eso_no,eso_no,0,0.9996864199638367,0.00014353287406265736,0.9996864199638367,0.0001699508575256914,7.300772399826405e-13,8.864778777706306e-08,1.5070491729551883e-11
sample_0a80d7a3b50a7637.png,eso_no,eso_no,eso_no,1,0.9956424832344055,0.0018376108491793275,0.9956424832344055,8.167853593477048e-06,5.799733471256729e-10,0.0025117164477705956,2.0605117612149115e-08
sample_81ce3cd1c94afe4e.png,exo_no,exo_no,exo_no,1,0.605689525604248,0.3941296339035034,0.00017043286061380059,2.1191721988333967e-10,9.652798325987533e-06,0.605689525604248,7.531178312092379e-07
sample_77c1be77f6624216.png,eso_no,eso_no,eso_no,1,0.9814901351928711,2.0722131012007594e-05,0.9814901351928711,0.018488483503460884,4.206186614286178e-12,7.035542353150959e-07,1.3252961394982776e-08
sample_a766f965de845aef.png,eso_V,eso_no,eso_no,0,0.9998719096183777,1.547476313135121e-05,0.9998719096183777,0.00011257116420892999,3.95461983472567e-13,1.9706535070440623e-08,2.2186716439748233e-12
sample_c6fbba466d85c046.png,exo_no,exo_V,exo_V,0,0.9999183416366577,1.7729491486040416e-10,3.1299077218882587e-10,5.063558091933373e-06,1.4795678907830734e-05,6.180736818350852e-05,0.9999183416366577
sample_16ce7f289e7e317a.png,exo_no,exo_no,exo_no,1,0.9992582201957703,1.9128680150970467e-07,5.209102127423648e-08,2.786983144265065e-11,0.00020692299585789442,0.9992582201957703,0.0005346249090507627
sample_9a35eac171a2152e.png,exo_A,exo_no,exo_no,0,0.9980998635292053,0.00031469279201701283,1.5173645806498826e-07,2.399386462084707e-12,0.0015695284819230437,0.9980998635292053,1.5782807167852297e-05
sample_45a6d45039da215e.png,exo_V,exo_V,exo_V,1,0.9929890632629395,2.0300872094480837e-08,4.7286152771164325e-09,6.712884328408109e-07,1.5519055523327552e-05,0.006994703318923712,0.9929890632629395
sample_a72cbe2e0a1dcb89.png,dvd_no,exo_no,exo_no,0,0.7596704363822937,0.0006873389356769621,7.892249413998798e-07,2.4870467996152e-07,0.00024991194368340075,0.7596704363822937,0.23939131200313568
sample_46228eeb5a069f09.png,exo_A,exo_no,exo_no,0,0.9999220371246338,1.6123476598295383e-05,7.152613079597359e-08,1.3803670663101175e-12,4.2479699914110824e-05,0.9999220371246338,1.9297274775453843e-05
sample_881fc215be6e3cfa.png,exo_V,exo_no,exo_no,0,0.9998492002487183,5.715852603316307e-05,4.784395969181787e-06,3.6022537730495685e-10,1.357634027954191e-05,0.9998492002487183,7.528035348514095e-05
sample_8255768b73fbe112.png,exo_V,exo_V,exo_V,1,0.9991657137870789,3.8695618931328113e-10,1.355491413557175e-11,1.6262104551856282e-08,1.3859622640666203e-06,0.0008328321855515242,0.9991657137870789
sample_b63d6d9275a8c690.png,exo_no,exo_no,exo_no,1,0.9902492165565491,3.829833531199256e-06,1.4278854543192665e-08,1.2487050282672385e-10,0.0010870889527723193,0.9902492165565491,0.008659862913191319
sample_e13f389f112be30c.png,exo_V,exo_V,exo_V,1,0.9964461326599121,7.261237300326684e-08,6.997759669502557e-07,0.0002099997946061194,2.2658703528577462e-05,0.003320427145808935,0.9964461326599121
sample_04b87be2c8844953.png,exo_no,exo_no,exo_no,1,0.8457982540130615,6.268494416872272e-06,5.922426566939976e-07,1.0790807891680743e-07,8.824062388157472e-05,0.8457982540130615,0.15410654246807098
sample_a04b582348ea318d.png,exo_no,exo_no,exo_no,1,0.9999643564224243,4.869801159657072e-06,1.571287278068212e-08,2.0042892042229643e-13,1.8058199202641845e-05,0.9999643564224243,1.2755259376717731e-05
sample_fe9102db69929427.png,exo_no,exo_no,exo_no,1,0.9999442100524902,2.2605408958042972e-05,5.032603667132207e-08,1.356142303489405e-13,3.0478371627395973e-05,0.9999442100524902,2.6945629088004353e-06
sample_6028e7e8d96c19f3.png,exo_V,exo_V,exo_V,1,0.9999438524246216,7.655398537309566e-11,1.1648575333478295e-11,2.3915600877444376e-07,7.211021966213593e-06,4.8704281653044745e-05,0.9999438524246216
sample_226acf1c0118426d.png,exo_no,exo_no,exo_no,1,0.9986076354980469,2.8926240247528767e-06,5.134256575445306e-09,6.5510665468726526e-12,0.00011532001371961087,0.9986076354980469,0.0012741757091134787
sample_d7788c4d3eee7603.png,exo_no,exo_no,exo_no,1,0.9999455213546753,6.774139365006704e-06,2.198584603263498e-08,6.872604427828749e-14,4.4519394577946514e-05,0.9999455213546753,3.1257518458005507e-06
sample_ca5c52377c50a2d2.png,exo_V,exo_no,exo_no,0,0.9978147745132446,0.00037314443034119904,1.2823836925690557e-07,2.2277835132200607e-10,7.857898890506476e-05,0.9978147745132446,0.0017334246076643467
sample_32b8b238a56db5b8.png,exo_V,exo_no,exo_no,0,0.9999727010726929,1.0762094461824745e-05,1.5469396430489724e-08,2.4314987076188253e-14,1.4941687368263956e-05,0.9999727010726929,1.571769416841562e-06
sample_d2005cb50cd6d9c9.png,exo_no,exo_no,exo_no,1,0.9998273253440857,5.132795195095241e-06,3.61029428574966e-08,5.491019531428387e-12,1.544388032925781e-05,0.9998273253440857,0.00015206713578663766
sample_7c6a339f8818de6a.png,exo_no,exo_no,exo_no,1,0.9713594913482666,2.7592736842052545e-06,1.2264480098167496e-08,3.608056631243528e-10,6.158611358841881e-05,0.9713594913482666,0.028576182201504707
sample_fdaa71cea703997e.png,exo_no,eso_no,eso_no,0,0.9798044562339783,0.008806048892438412,0.9798044562339783,0.0005830951849929988,1.1486181783482152e-08,0.01079993974417448,6.427192602131981e-06
sample_95f72ce1e0c3ce8f.png,exo_V,exo_V,exo_V,1,0.787836492061615,1.637321133785008e-06,7.292916848200548e-08,2.70964733317669e-07,0.00011819766223197803,0.21204331517219543,0.787836492061615
sample_d8785b08d3716a92.png,eso_no,eso_no,eso_no,1,0.9997971653938293,2.4678507543285377e-05,0.9997971653938293,4.860211265622638e-05,6.88913148749748e-10,0.00012955893180333078,6.298115806657734e-09
sample_240d724e8085051e.png,dvd_no,exo_no,exo_no,0,0.9984904527664185,1.94178824131086e-06,6.9080861031523e-09,9.680711961224109e-12,0.00010832041880348697,0.9984904527664185,0.0013992440653964877
sample_5524fae9601e6a7b.png,eso_no,eso_no,eso_no,1,0.9999868869781494,5.44339991392917e-06,0.9999868869781494,2.3139014047046658e-06,3.443460143762178e-12,5.317303475749213e-06,1.2303875800145914e-11
sample_e6383971045c83b7.png,eso_no,eso_no,eso_no,1,0.9942468404769897,5.68212897178455e-07,0.9942468404769897,0.005752542056143284,2.9683094632422524e-13,4.8587311951564516e-09,2.811178373418599e-11
sample_ea916863e889cb6b.png,dvd_no,dvd_no,dvd_no,1,0.594760000705719,0.594760000705719,0.4047996997833252,0.00043920919415540993,3.105135940040249e-11,1.0886907375606825e-06,1.1812334443916939e-09
sample_40ba212e60f8eb3d.png,exo_V,exo_no,exo_no,0,0.9724779725074768,0.00017702209879644215,1.617871384951286e-05,4.543628620012896e-07,1.7323360225418583e-05,0.9724779725074768,0.027311064302921295
sample_344983fe6f9037e0.png,eso_V,eso_V,eso_V,1,0.9992116689682007,2.5581232687699185e-09,0.00022025806538295,0.9992116689682007,1.8859605543930513e-10,1.2519831216195598e-07,0.0005679683526977897
sample_10646c30013d2879.png,exo_no,exo_no,exo_no,1,0.9960908889770508,4.738565621664748e-06,1.95202332520239e-07,7.634491372421337e-10,8.39805397845339e-06,0.9960908889770508,0.0038957770448178053
sample_945642e1c663be7c.png,exo_V,exo_V,exo_V,1,0.8923841714859009,8.229188352970596e-08,5.000267755406185e-09,4.186320978760705e-08,0.0010266680037602782,0.10658904910087585,0.8923841714859009
sample_40616ac10c63d76f.png,exo_V,exo_no,exo_no,0,0.9918099045753479,0.00031133840093389153,0.00011364369129296392,8.882567499313154e-07,1.2119147868361324e-05,0.9918099045753479,0.007752140052616596
sample_ea5861f9e953f87f.png,exo_no,exo_no,exo_no,1,0.9999504089355469,7.309243983399938e-07,1.5293396700144513e-06,6.677201846994052e-11,3.7119400531082647e-06,0.9999504089355469,4.3658521462930366e-05
sample_8893958fd580d439.png,exo_no,exo_no,exo_no,1,0.6292219758033752,0.30997025966644287,0.0031846784986555576,0.00028858319274149835,0.0003168692928738892,0.6292219758033752,0.05701765790581703
sample_e579dd075e065c50.png,exo_no,exo_no,exo_no,1,0.9992510676383972,4.327554847805004e-07,3.817913984960342e-09,2.5125233924644386e-12,9.092853724723682e-05,0.9992510676383972,0.0006575951701961458
sample_9c2dd3868f14cab5.png,exo_V,exo_V,exo_V,1,0.5596267580986023,0.000688716652803123,0.00016026393859647214,0.0002041815605480224,6.412322545656934e-05,0.43925607204437256,0.5596267580986023
sample_b79f3ea80bcf4622.png,exo_no,exo_no,exo_no,1,0.9999692440032959,9.080278687179089e-06,1.1058741620217916e-06,1.997080625870673e-11,2.5116719370998908e-06,0.9999692440032959,1.8058286514133215e-05
sample_fe2c6d1c9a72b261.png,exo_V,exo_no,exo_no,0,0.9969046115875244,6.885712195980886e-07,1.6225303767214427e-08,5.019959448127054e-11,1.0297918379365001e-05,0.9969046115875244,0.0030843312852084637
sample_4efeb62c91022096.png,exo_no,exo_no,exo_no,1,0.9999476671218872,1.9949269699282013e-05,2.6116690605704207e-06,3.532399719952117e-11,1.6186995708267204e-05,0.9999476671218872,1.3524741007131524e-05
sample_c0634912a4b537bb.png,exo_no,exo_no,exo_no,1,0.9992731213569641,1.2139007594669238e-05,6.199073254720133e-07,3.8699776716555334e-10,9.022291487781331e-05,0.9992731213569641,0.0006238295463845134
sample_9b62a2a2ad99e0c9.png,eso_no,eso_no,eso_no,1,0.5101338624954224,0.00019128351414110512,0.5101338624954224,2.0043344193254597e-05,1.8390063587503391e-06,0.489633709192276,1.9237886590417475e-05
sample_98612a44b828857b.png,exo_no,exo_no,exo_no,1,0.9834762215614319,4.5530385250458494e-05,0.003933812491595745,4.996873394702561e-05,1.984897835427546e-06,0.9834762215614319,0.012492477893829346
sample_6ef0615acd427873.png,exo_no,exo_no,exo_no,1,0.9928484559059143,0.00706579489633441,7.23119592294097e-05,4.239540385420071e-10,7.621625172760105e-06,0.9928484559059143,5.82091979595134e-06
sample_bb3abc2662627504.png,exo_no,exo_no,exo_no,1,0.9999150037765503,3.256522404626594e-06,2.56569506973392e-07,1.5015171397902982e-11,2.3005610273685306e-05,0.9999150037765503,5.851784590049647e-05
sample_0716d0bba6ba3ec4.png,eso_no,eso_no,eso_no,1,0.9983250498771667,2.208580099249957e-06,0.9983250498771667,0.001672763959504664,1.1224610921723582e-13,1.3736094928162856e-08,2.301579586638791e-11
sample_9928ac7ebb1923e5.png,dvd_no,exo_no,exo_no,0,0.9916061162948608,0.007548857480287552,5.110514393891208e-06,1.0075348541582763e-11,0.0008379089995287359,0.9916061162948608,1.9549456737877335e-06
sample_c78a088f6e40da93.png,exo_V,exo_V,exo_V,1,0.9974666833877563,4.96501340041533e-10,3.046930763250799e-10,1.281936192754074e-07,0.00016244147263932973,0.002370797796174884,0.9974666833877563
sample_a7578361e493d9a8.png,exo_V,exo_no,exo_no,0,0.5177654027938843,6.616392056457698e-07,4.288582999834034e-07,3.724166504071036e-07,0.032610345631837845,0.5177654027938843,0.44962278008461
sample_06781be9c9d1870c.png,eso_no,eso_no,eso_no,1,0.999204695224762,0.0007770737283863127,0.999204695224762,1.4842984455754049e-05,9.67017785291624e-11,3.4037277600873495e-06,5.056169025130508e-11
sample_58f5861de3b402b3.png,exo_no,exo_no,exo_no,1,0.9999867081642151,6.10823508395697e-06,5.517507020158519e-07,3.140965948705138e-13,6.0963170653849375e-06,0.9999867081642151,5.692651257049874e-07
sample_c79c9549dbd49b36.png,exo_no,exo_V,exo_V,0,0.9709898829460144,2.6530612373676377e-08,3.719002883428857e-09,1.282501784771739e-07,0.0008531726198270917,0.028156796470284462,0.9709898829460144
sample_25918a0adb498de5.png,eso_no,eso_no,eso_no,1,0.9974132180213928,0.0016182365361601114,0.9974132180213928,0.0009569026879034936,3.1779063824899367e-09,1.1629505934251938e-05,1.1157165857866858e-08
sample_e810783437454f59.png,exo_no,exo_no,exo_no,1,0.9998981952667236,2.0763200154760852e-05,9.909328468893364e-09,1.0602496392777758e-13,7.030963752185926e-05,0.9998981952667236,1.0698421647248324e-05
sample_1d33372ca7c8415f.png,exo_no,exo_no,exo_no,1,0.9999018907546997,8.236130088334903e-05,5.421716195996851e-06,1.519196574095716e-11,7.556769105576677e-06,0.9999018907546997,2.801783466566121e-06
sample_3d491cd36c5ff1ce.png,exo_no,exo_V,exo_V,0,0.9449703097343445,9.301173164999454e-09,5.797833768639293e-09,1.0634239799856005e-07,0.003509418573230505,0.05152019113302231,0.9449703097343445
sample_970cec5c9c8ed3cb.png,eso_no,eso_no,eso_no,1,0.9999932050704956,3.20628578265314e-06,0.9999932050704956,3.5838631902151974e-06,3.429032977161038e-14,1.1406650735068524e-08,4.0880154621690534e-14
sample_44a12deecf01e95c.png,exo_V,exo_no,exo_no,0,0.9911667704582214,7.639635441591963e-05,3.252863223224267e-07,2.8502340487790434e-09,7.162769907154143e-05,0.9911667704582214,0.008684832602739334
sample_350f431068352ca3.png,exo_no,exo_no,exo_no,1,0.9920175075531006,5.528075689653633e-06,6.239708454813808e-06,5.007358083730651e-08,9.740047971718013e-06,0.9920175075531006,0.007960927672684193
sample_3a128db2f4919fad.png,exo_V,exo_V,exo_V,1,0.8291493058204651,5.3451884696187335e-08,1.865097409847749e-09,9.06009489654025e-09,0.00016319607675541192,0.17068740725517273,0.8291493058204651
sample_1f582068f50b08fd.png,exo_V,exo_no,exo_no,0,0.9843578934669495,3.101159336438286e-06,8.314116826113604e-07,1.3197912096529762e-08,1.2385688933136407e-05,0.9843578934669495,0.01562579534947872
sample_6ad10d4b1b387675.png,exo_V,exo_no,exo_no,0,0.9999891519546509,2.694683871595771e-06,2.1737139377364656e-06,5.4811931902987165e-12,3.473584911262151e-06,0.9999891519546509,2.5215524601662764e-06
sample_84de3a4ac93a0319.png,exo_no,exo_no,exo_no,1,0.8434732556343079,8.642601301289687e-08,4.203221326548601e-09,7.758113040878811e-10,0.0008422726532444358,0.8434732556343079,0.15568441152572632
sample_c82fc38351b1e5e8.png,exo_no,exo_no,exo_no,1,0.9233684539794922,0.07458546757698059,0.0020357021130621433,5.442944761568924e-09,7.845987965993118e-06,0.9233684539794922,2.468850198056316e-06
sample_e28950bec6c8679f.png,exo_no,exo_no,exo_no,1,0.9880167245864868,0.01135196816176176,0.0006301973480731249,4.0178563254222865e-10,4.983039048056526e-07,0.9880167245864868,6.29915234640066e-07
sample_da26223d04d3c473.png,exo_V,exo_no,exo_no,0,0.9710493087768555,6.445810140576214e-05,2.21610008566131e-07,6.569018218272049e-09,0.00010190319153480232,0.9710493087768555,0.02878408320248127
sample_e18fc17842942ab6.png,eso_no,eso_no,eso_no,1,0.9995026588439941,1.0862599083338864e-05,0.9995026588439941,0.000486425356939435,4.3247694379681956e-13,4.285938715042903e-08,2.0858268237611277e-11
sample_c439cfdc7564e4a2.png,exo_no,exo_V,exo_V,0,0.5546378493309021,1.4083670066611376e-05,2.0491617760853842e-05,2.552714795456268e-05,7.300469587789848e-05,0.44522902369499207,0.5546378493309021
sample_2469d959c89fe101.png,exo_V,exo_V,exo_V,1,0.9999828934669495,8.79314763363448e-12,8.862113300145413e-12,1.3235760434326949e-06,9.08040237845853e-06,6.695468073303346e-06,0.9999828934669495
sample_6e62be4ddfa6e584.png,exo_A,exo_V,exo_V,0,0.5741032958030701,7.1392814788850956e-06,9.25697895581834e-06,1.4422184904105961e-05,0.05737373232841492,0.36849215626716614,0.5741032958030701
sample_e3c0fd42874b9380.png,exo_V,exo_no,exo_no,0,0.9999372363090515,2.3875902115833014e-05,6.577521389772301e-07,1.6427015997466654e-11,1.3211303667048924e-05,0.9999372363090515,2.497290915925987e-05
sample_b6278edcf10a44b1.png,eso_no,eso_no,eso_no,1,0.999982476234436,5.093641902931267e-06,0.999982476234436,1.2387215065245982e-05,3.482995074538357e-14,2.2951988754016384e-08,2.8431619038260525e-13
sample_78c147c9810f1984.png,exo_V,exo_no,exo_no,0,0.9991266131401062,1.7691446601020289e-06,6.393006124483236e-09,5.465779738533794e-12,1.7419766663806513e-05,0.9991266131401062,0.000854215701110661
sample_9a9109ee8744adde.png,exo_no,exo_no,exo_no,1,0.999226450920105,2.735031557676848e-06,1.5644733366571018e-06,1.1110488085108727e-09,5.963091825833544e-05,0.999226450920105,0.0007096250192262232
sample_e9d250fbbbc00f9b.png,eso_no,eso_no,eso_no,1,0.9999918341636658,4.3568634282564744e-06,0.9999918341636658,3.7705510749219684e-06,3.766612943854192e-13,2.5805855230487396e-08,9.730309277495436e-14
sample_9e5b2a7b1c3d444c.png,eso_V,eso_V,eso_V,1,0.837978720664978,2.53143707595882e-06,0.16134287416934967,0.837978720664978,6.135437935483878e-09,0.00010912117431871593,0.0005667509394697845
sample_e1390f15a2b41b2e.png,eso_no,eso_no,eso_no,1,0.9999240040779114,7.079373608576134e-05,0.9999240040779114,5.053707354818471e-06,4.733306303329743e-13,1.336286601372194e-07,6.753714883352135e-13
sample_7eae85fbe986a679.png,exo_no,exo_no,exo_no,1,0.9962096214294434,1.8631337752594845e-06,1.2121834913614293e-07,4.5861001107816435e-10,1.9452254491625354e-05,0.9962096214294434,0.003768998198211193
sample_2bd37e40dbaf97fb.png,eso_no,eso_no,eso_no,1,0.7911030650138855,0.0016161856474354863,0.7911030650138855,1.184031148682152e-07,1.1171931646458688e-07,0.2072804719209671,3.1023333235680184e-08
sample_b24f73613a4672ba.png,exo_no,eso_no,eso_no,0,0.9999930262565613,1.795053549358272e-06,0.9999930262565613,5.05405569128925e-06,3.559203441954456e-13,1.0696241758978431e-07,5.405978399306011e-13
sample_1fc7ff457241dbb7.png,eso_no,exo_no,exo_no,0,0.9799166917800903,0.0002228615921922028,0.018540143966674805,2.4478882551193237e-05,2.048479473160114e-06,0.9799166917800903,0.0012938015861436725
sample_14f039d1674cdf4f.png,eso_no,eso_no,eso_no,1,0.9999961853027344,1.0010542155214353e-06,0.9999961853027344,2.8020476747769862e-06,5.675663864129592e-14,5.94087090632911e-09,1.6646667361621195e-14
sample_91f803d00b8c29f0.png,exo_V,exo_V,exo_V,1,0.9998353719711304,8.80772343080094e-13,2.1211324797293374e-12,0.00015905532927718014,5.571640940615907e-06,1.3333621318167843e-08,0.9998353719711304
sample_c4a3e416f354c8a0.png,eso_no,eso_no,eso_no,1,0.9995889663696289,0.00037692373734898865,0.9995889663696289,3.365869270055555e-05,6.147266940273455e-13,4.1307785636490735e-07,1.3909377122311994e-11
sample_7ca5812996047b00.png,exo_no,exo_no,exo_no,1,0.9999125003814697,1.161145974037936e-06,1.441819463821048e-08,3.954780567697741e-13,5.8976667787646875e-05,0.9999125003814697,2.7426696760812774e-05
sample_bc6ac8e37e802bad.png,exo_no,exo_no,exo_no,1,0.9999326467514038,5.317808609106578e-05,9.873982662611525e-07,1.0279715446925852e-11,2.7692271942214575e-06,0.9999326467514038,1.0410209142719395e-05
sample_5343622d3376e639.png,exo_no,exo_no,exo_no,1,0.9999893307685852,4.822596110898303e-06,4.246988112299732e-07,1.8004591957956895e-12,1.1635054306680104e-06,0.9999893307685852,4.239333975419868e-06
sample_b7e86be8727d1f52.png,exo_no,exo_no,exo_no,1,0.7119961977005005,2.038381126112654e-06,1.0759301005691668e-08,4.351398352753222e-09,4.824144343729131e-05,0.7119961977005005,0.28795355558395386
sample_6b6ecf201573e80c.png,exo_no,exo_no,exo_no,1,0.944126546382904,0.04024503752589226,0.015622273087501526,1.111125058628204e-08,5.5136911214503925e-06,0.944126546382904,6.715044946759008e-07
sample_7b97df50e2cf9269.png,exo_no,exo_no,exo_no,1,0.9988804459571838,2.9385404332060716e-07,3.82452967073732e-08,4.2563397251171864e-11,7.608256964886095e-06,0.9988804459571838,0.0011116594541817904
sample_0f4bb0ca538e967c.png,exo_V,exo_V,exo_V,1,0.707584798336029,4.066238034283742e-06,5.951110324531328e-06,1.4451305105467327e-05,0.001004249439574778,0.2913864850997925,0.707584798336029
sample_005b58d64b033efe.png,exo_no,exo_no,exo_no,1,0.9392507076263428,5.748457169829635e-06,9.872941291177995e-07,6.377389638601016e-08,7.197185914264992e-05,0.9392507076263428,0.06067055091261864
sample_8ab078fea6f3a2f2.png,exo_no,exo_no,exo_no,1,0.9956092834472656,3.0639471333415713e-06,2.730050994159683e-07,1.17842402502788e-09,8.989212074084207e-05,0.9956092834472656,0.004297538194805384
sample_dd9b328f232d1cab.png,exo_V,eso_no,eso_no,0,0.3341198265552521,0.003615146968513727,0.3341198265552521,0.17232638597488403,3.192519579897635e-05,0.32320818305015564,0.16669857501983643
sample_13a7c4d60b510d09.png,eso_no,eso_no,eso_no,1,0.8053860068321228,0.00029964325949549675,0.8053860068321228,0.0001572852925164625,4.4742631644112407e-07,0.19411875307559967,3.790980190387927e-05
sample_ad590d33ef50d2fb.png,exo_no,exo_no,exo_no,1,0.7922913432121277,1.2356420029391302e-06,2.237458829768002e-06,5.865329626431048e-07,1.1384967365302145e-05,0.7922913432121277,0.2076932042837143
sample_e23fb4595b79e288.png,exo_no,exo_no,exo_no,1,0.9996739625930786,0.00023733706620987505,8.331314165843651e-05,8.689316627341626e-11,4.372525381768355e-06,0.9996739625930786,1.0426306289446075e-06
sample_a7be72f097903ce4.png,exo_V,exo_V,exo_V,1,0.996695876121521,1.1912869579688845e-09,5.204347508502849e-10,1.96852809608572e-07,0.0006688503199256957,0.0026350407861173153,0.996695876121521
sample_0dbc36b58e31ba42.png,exo_no,exo_no,exo_no,1,0.9994916915893555,0.00015776332293171436,0.0003288069856353104,6.874614211227481e-09,8.118535106405034e-07,0.9994916915893555,2.0897123249596916e-05
sample_2cfe342c027b995e.png,exo_no,exo_no,exo_no,1,0.9960756301879883,0.00015208950208034366,7.071761956467526e-06,2.555461797726366e-08,0.0001657377288211137,0.9960756301879883,0.0035994327627122402
sample_ca539b84c41888c2.png,exo_no,exo_no,exo_no,1,0.999670684337616,9.969756320060696e-06,0.0003178152837790549,3.419940997062554e-10,4.608592689692159e-07,0.999670684337616,1.0757238442238304e-06
sample_84853c5d23c1e9ef.png,eso_no,eso_no,eso_no,1,0.9704166650772095,0.004576964769512415,0.9704166650772095,0.02496202662587166,3.643138457576356e-09,4.320471634855494e-05,1.1113547770946752e-06
sample_af958aa2ef9d9ab5.png,exo_no,exo_no,exo_no,1,0.9999648332595825,2.571222921687877e-06,1.1253122522703052e-07,3.147508078824024e-12,4.530299065663712e-06,0.9999648332595825,2.7969103030045517e-05
sample_ee0c70712eb09d14.png,eso_no,eso_no,eso_no,1,0.9360828399658203,0.06382578611373901,0.9360828399658203,8.096285455394536e-05,5.3049203918575927e-11,1.0374003977631219e-05,8.972592113742905e-10
sample_2d4017c9762ebf8e.png,exo_V,exo_no,exo_no,0,0.9909446835517883,3.84694885724457e-07,3.3949206112993124e-07,3.0422788732664685e-09,0.0001744926703395322,0.9909446835517883,0.008880119770765305
sample_aaaf6bac872ac2a8.png,exo_V,exo_no,exo_no,0,0.9963957071304321,2.2219323000172153e-05,1.0473621614437434e-06,3.733370057545926e-09,2.9321061447262764e-05,0.9963957071304321,0.0035516980569809675
sample_764a1ed71c0950f4.png,exo_V,exo_no,exo_no,0,0.9971449375152588,0.00029491132590919733,7.579087082376645e-07,1.9345209878451897e-09,1.4244934391172137e-05,0.9971449375152588,0.002545158611610532
sample_6afbdfa0ccb5652b.png,dvd_no,dvd_no,dvd_no,1,0.9943073391914368,0.9943073391914368,0.004858633503317833,2.7884129849553574e-07,3.5973819478840596e-08,0.0008336530881933868,4.784409668445733e-08
sample_56b1f03074078475.png,exo_no,exo_V,exo_V,0,0.9925121068954468,1.3884720040380216e-08,1.2642180635680234e-08,1.680232230683032e-06,1.849258114816621e-05,0.007467728573828936,0.9925121068954468
sample_e3171e04b6f4691a.png,exo_no,exo_no,exo_no,1,0.9999431371688843,1.8631033526617102e-05,1.2878235793323256e-06,6.283929106232211e-12,3.2066036510514095e-05,0.9999431371688843,4.879217613051878e-06
sample_4c1e3925fd0d668f.png,exo_no,exo_no,exo_no,1,0.9998774528503418,4.222333700454328e-06,2.073940549962572e-06,2.0525596500231558e-10,1.722975866869092e-05,0.9998774528503418,9.895694529404864e-05
sample_cb1c7206b0f08bc8.png,exo_no,exo_V,exo_V,0,0.7504533529281616,2.9005616397626e-07,4.790852869973605e-08,1.4422064964492165e-07,0.00025372355594299734,0.24929243326187134,0.7504533529281616
sample_290fa75ba7ed68fa.png,exo_V,exo_no,exo_no,0,0.9983739852905273,0.0014555243542417884,8.960171726357657e-06,1.40056100050856e-09,5.413431608758401e-06,0.9983739852905273,0.00015605543740093708
sample_9b692675764e3a78.png,exo_no,exo_no,exo_no,1,0.9995226263999939,1.1606932730501285e-06,6.861412771286268e-09,2.978682621737616e-12,4.229718615533784e-05,0.9995226263999939,0.0004339136357884854
sample_824c92998c15cecc.png,dvd_no,exo_no,exo_no,0,0.9998174905776978,0.00013818719889968634,4.565157269098563e-06,3.644055890372755e-11,3.181250212946907e-05,0.9998174905776978,7.980866030266043e-06
sample_0d97547b15f6718e.png,exo_no,exo_no,exo_no,1,0.9999622106552124,3.2635303796269e-05,1.5115401765797287e-06,3.91712660571808e-12,1.0187717407461605e-06,0.9999622106552124,2.5913825538737e-06
sample_47ca48c7f37d3c15.png,exo_no,exo_no,exo_no,1,0.9569119215011597,7.593753707624273e-06,1.8865462152461987e-06,8.485989866358068e-08,3.511316026560962e-05,0.9569119215011597,0.04304344579577446
sample_256e3fe89099caf2.png,exo_no,exo_no,exo_no,1,0.38755473494529724,0.3053857982158661,0.3059081435203552,0.000507589487824589,5.927322490606457e-07,0.38755473494529724,0.0006430646171793342
sample_aba26cee1e72643e.png,exo_no,exo_no,exo_no,1,0.9999648332595825,3.187939364579506e-05,5.102747877572256e-07,5.301267779790619e-13,1.7740903786034323e-06,0.9999648332595825,1.0388679356765351e-06
sample_b4b4c6839a45e6b1.png,exo_A,exo_no,exo_no,0,0.9992228746414185,3.377300799911609e-06,1.3752553513768362e-06,8.50205461588871e-10,0.0001546702696941793,0.9992228746414185,0.0006177360191941261
sample_269cb4c765ae199b.png,exo_no,exo_V,exo_V,0,0.9994193911552429,8.131390671906047e-09,8.236506943148925e-08,0.0003271817113272846,1.8080944528264808e-06,0.00025159490178339183,0.9994193911552429
sample_5e5e35f9ad2d617c.png,exo_no,exo_V,exo_V,0,0.9622241854667664,3.0086944047269526e-09,4.0877617957235657e-10,1.0432378516611607e-08,7.25891295587644e-05,0.037703223526477814,0.9622241854667664
