relative_path,suffix,bytes,mib,sha256
metadata/Vim-dd0358ad.zip,.zip,2294055,2.19,0678b5dd46c020e35527516feca75d86232f89dcfa9e6903780ceb2fec546ea3
pretrained_weights/densenet121-a639ec97.pth,.pth,32342954,30.84,a639ec97d7c33b07ae66f0b5fb7d0192f95a3b11b7576c66c0126c2a727c4395
pretrained_weights/mobilenet_v3_small-047dcff4.pth,.pth,10306551,9.83,047dcff4addef86ea5bc2eff13c9614dc11f47ab1160d0a71a25e7db994f4e1f
pretrained_weights/swin_b-68c6b09e.pth,.pth,351654207,335.36,68c6b09e73c66f27db19af59df563497fac4fc7889e42d82a0858b32c451a893
pretrained_weights/vit_base_patch16_224_in21k.pth,.pth,412768565,393.65,e5005f0a7a836470c1dbd39d848eabf0a5b1d8f9a066aa46e6ff00261db44cb5
runs/densenet121_source_721_seed42/best_model.pt,.pt,56410871,53.80,ee305687d9366085d167edd7a07e23e493a46ffba04bcdcad7f645df78f9f8d1
runs/swin_b_source_721_seed42/best_model.pt,.pt,347594676,331.49,24e8bc06e826c14c5038fec264396b18edcaf9b79d747ca26431491769d22284
runs/vit_source_721_seed42/best_model.pt,.pt,343995755,328.06,feb7011f807600ca1f7ce218d0965abeafa3727866f99005aa0bd6ae95480fc0
temporal_mamba/end_to_end/densenet121_clinical_mamba_seed42/best.pt,.pt,31210985,29.77,df1e9a9848e8da32a0b0f041b4752b404646e78091770c65d40276f480668ee4
temporal_mamba/end_to_end/mobilenet_v3_small_clinical_mamba_mean_seed42/best.pt,.pt,6312162,6.02,a3db8e9b42288bb230270365fbf57295f0b1895995f95da8c862063deb95d216
temporal_mamba/experiments/00_mean_pooling/best.pt,.pt,797667,0.76,e8384f1f4d5f65508617605c8e5a3c8eb21397742df286ad91f568622b215304
temporal_mamba/experiments/01_linear_temporal_mamba/best.pt,.pt,2822935,2.69,008ab5eb210c92f4e6b038f9c2bdc29865b56a5d6bfd9a0a28935ffc8da55500
temporal_mamba/experiments/02_random_order_mamba/best.pt,.pt,2823121,2.69,a6b21e3c9e9f09cb7c539aac4439e13b4e20be806b0ce1500c36a6172cbad0bc
temporal_mamba/experiments/03_reverse_order_mamba/best.pt,.pt,2823121,2.69,68740c57fc582aff5e2a9f4682659dc2ced2b35957f2a498a8588d5dd8a02e63
temporal_mamba/experiments/04_row_major_mamba/best.pt,.pt,2823121,2.69,2153630df888828d39a80bfeb8fbeac2c19c462c293f5ba7eb0ca6bf20ce8b58
temporal_mamba/experiments/05_closed_loop_mamba/best.pt,.pt,2823889,2.69,75255f9365b819d04423a1cb68e5f90fdd4e70a78d54d044cb007a74947637ad
temporal_mamba/experiments/06_circular_pe_mamba/best.pt,.pt,2818955,2.69,d0a03b884fd52a91cc6d193cf5a9a05a2bd86dd360d9d2a1833363038937d88e
temporal_mamba/experiments/07_bidirectional_mamba/best.pt,.pt,5631709,5.37,2600033a56fe9efc2bbb02b0740f3d74fbd48163b5037b5cab502fa6755d8475
temporal_mamba/experiments/08_center_ring_mamba/best.pt,.pt,6726229,6.41,d9a4c7795f747ea65cba7c9c43c8964e849a2fafa7ef785ae70fd0ff68e60725
temporal_mamba/head6_validation/densenet121_clinical_mamba_seed42/head6_ce/best.pt,.pt,7117,0.01,0cb2da7823cc801c3e43cc776962dfdf007cd6d4dc464234acaf44589cf18d27
temporal_mamba/head6_validation/densenet121_clinical_mamba_seed42/head6_label_smoothing_01/best.pt,.pt,7117,0.01,07af6f72b0ef53553ef98023b4c0d33318d5e90230db76ff7770173d527d576e
temporal_mamba/head6_validation/densenet121_clinical_mamba_seed42/pooled_latents.pt,.pt,1444061,1.38,e1cee0ae40bfe01062e0565b39b7b25485f2f179c78e4a799444b7e704eb2e93
temporal_mamba/lightweight_cnn_mamba_attention/cnn_mean_seed42/best.pt,.pt,3537227,3.37,ecace4c3b84faa5d67c6b6bcd39cb93d819aa48a9fe5a35cc6362a6871b26695
temporal_mamba/lightweight_cnn_poc/mamba_attention_seed42/best.pt,.pt,2628089,2.51,60be290731398eaa77c43371a5de971cbfbec5882422238f64ed14fcbb2df2ac
temporal_mamba/lightweight_cnn_poc/mamba_mean_seed42/best.pt,.pt,2478103,2.36,ed724d6c76417fcbda7bd991cb21213b377651c6b674704811eef32ea05bf80f
temporal_mamba/lightweight_cnn_poc/mean_seed42/best.pt,.pt,460124,0.44,8a675735ff9bb4d16842a7e255b9703cd4baea6839f14f01c55ed67a2f318681
temporal_mamba/lightweight_cnn_poc/mobilenet_v3_small_nine_gaze_seed42.pt,.pt,17931997,17.10,f76dcb22e5fd1b70b4a6fcc74f4bd0856ef78fa3f25805a5495a3abb0faf41e9
temporal_mamba/multi_seed/seed_43/clinical/best.pt,.pt,2823121,2.69,98847227791b2d5b14df5fe80afe99e00a0096d1cdb47c9ef35cd67ea296ff42
temporal_mamba/multi_seed/seed_43/mean/best.pt,.pt,797155,0.76,f7ccd09ed34800d9944d2d2647ab849d60b19f9376d9ebecc89084e9bd8d46a3
temporal_mamba/multi_seed/seed_43/random/best.pt,.pt,2823121,2.69,63f7179086fa736eb1b3221610b94d068847d93ea75711a4ab50152f14385a63
temporal_mamba/multi_seed/seed_43/row_major/best.pt,.pt,2823121,2.69,624a7c1a2228f81a06b0088c4c3a5bc567b28d2cd398e751a69e0bce262e16ba
temporal_mamba/multi_seed/seed_44/clinical/best.pt,.pt,2823121,2.69,81772c69887ea28c9a68246f795bc8f9d39251caf04651532bc7b478f883eeeb
temporal_mamba/multi_seed/seed_44/mean/best.pt,.pt,797155,0.76,a066ed534637bac8d4134b125f8b30da1ba654a09c7189aec1f2b053d73a879c
temporal_mamba/multi_seed/seed_44/random/best.pt,.pt,2823121,2.69,b083e205547e71d7550a5cab0831d3c9c1c429e4a3f6a087ea5f08c984c01056
temporal_mamba/multi_seed/seed_44/row_major/best.pt,.pt,2823121,2.69,b7667e38435e922798bcceb49edaf2718f78c1947bc816ac58bc2c8f07c96002
temporal_mamba/probability_decoder_validation/densenet121_clinical_mamba_seed42/six_class_probabilities.npy,.npy,4232,0.00,2940cb85f1f743e7d2c60dcdd55fc7825168b3937ccb207e4c43f7c1897c9a73
temporal_mamba/temporal_pytorch_runs/clinical_temporal_mamba_seed42/best.pt,.pt,2822935,2.69,008ab5eb210c92f4e6b038f9c2bdc29865b56a5d6bfd9a0a28935ffc8da55500
temporal_mamba/temporal_pytorch_runs/densenet121_nine_gaze_features_seed42.pt,.pt,63399279,60.46,51df2108ec4fdb1ce75649721d1c75de73b6c5c470cce8cd6b4756324bf1cf5c
temporal_mamba/temporal_pytorch_runs/mean_pooling_control_seed42/best.pt,.pt,797667,0.76,e8384f1f4d5f65508617605c8e5a3c8eb21397742df286ad91f568622b215304
